image_name,Human,Castle,Indoors,Landscape,Woman,Daytime,Children,Sunset,Flower,Animal,Building,Mask,Gray-Hair,Fire,Food_drink
Alex-Image01.png,1,0,0,S,0,1,1,0,0,1,0,0,0,0,0
Alex-Image02.png,1,0,0,S,0,1,1,0,0,0,1,0,0,0,0
Alex-Image03.png,0,0,0,C,0,1,0,0,0,0,1,0,0,0,0
Alex-Image04.png,0,0,0,N,0,1,0,0,0,0,0,0,0,0,0
Alex-Image05.png,0,0,0,N,0,1,0,0,0,0,0,0,0,0,0
Alex-Image06.png,0,0,0,N,0,1,0,0,0,0,0,0,0,0,0
Alex-Image07.png,0,0,0,N,0,1,0,0,0,0,0,0,0,0,0
Alex-Image08.png,0,0,0,N,0,1,0,0,0,0,0,0,0,0,0
Alex-Image09.png,0,0,0,N,0,1,0,0,0,0,0,0,0,0,0
Alex-Image10.png,0,0,0,N,0,1,0,0,0,0,0,0,0,0,0
Alex-Image11.png,0,0,0,N,0,1,0,0,0,0,0,0,0,0,0
Alex-Image12.png,0,0,0,N,0,0,0,1,0,0,0,0,0,0,0
Alex-Image13.png,0,0,0,N,0,1,0,0,0,0,0,0,0,0,0
Alex-Image14.png,0,0,0,N,0,1,0,0,0,0,0,0,0,0,0
Alex-Image15.png,0,0,0,N,0,1,0,0,0,0,0,0,0,0,0
Alex-Image16.png,0,0,0,C,0,1,0,0,0,0,0,0,0,0,0
Alex-Image17.png,1,0,0,S,0,1,1,0,0,0,0,0,0,0,0
Alex-Image18.png,0,0,0,S,0,1,0,0,1,0,0,0,0,0,0
Alex-Image19.png,0,0,0,N,0,1,0,0,0,0,0,0,0,0,0
Alex-Image20.png,0,0,0,N,0,1,0,0,0,0,0,0,0,0,0
Alex-Image21.png,0,0,0,N,0,1,0,0,0,0,0,0,0,0,0
Alex-Image22.png,0,0,0,N,0,1,0,0,0,0,0,0,0,0,0
Alex-Image23.png,0,0,0,N,0,1,0,0,0,0,0,0,0,0,0
Alex-Image24.png,0,0,0,N,0,1,0,0,0,0,0,0,0,0,0
Alex-Image25.png,0,0,0,N,0,1,0,0,0,0,0,0,0,0,0
Alex-Image26.png,0,0,0,N,0,1,0,0,0,0,0,0,0,0,0
Alex-Image27.png,0,0,0,N,0,1,0,0,0,0,0,0,0,0,0
Alex-Image28.png,0,0,1,S,0,1,0,0,0,0,0,0,0,0,1
Alex-Image29.png,0,1,0,N,0,1,0,0,0,0,1,0,0,0,0
Alex-Image30.png,0,0,1,C,0,1,0,0,0,0,0,0,0,0,1
Alex-Image31.png,0,0,0,C,0,1,0,0,0,0,0,0,0,0,1
Alex-Image32.png,1,0,0,C,1,1,0,0,0,0,1,0,0,0,0
Alex-Image33.png,0,1,0,N,0,1,0,0,0,0,1,0,0,0,0
Alex-Image34.png,0,1,0,N,0,1,0,0,0,0,1,0,0,0,0
Alex-Image35.png,1,0,0,S,1,1,0,0,0,0,0,0,0,0,0
Alex-Image36.png,0,0,1,S,0,1,0,0,0,1,0,0,0,0,0
Alex-Image37.png,0,0,0,N,0,1,0,0,0,0,0,0,0,0,0
Alex-Image38.png,0,0,0,N,0,1,0,0,0,0,0,0,0,0,0
Alex-Image39.png,0,0,0,N,0,1,0,0,0,0,1,0,0,0,0
Alex-Image40.png,0,0,1,S,0,1,0,0,0,0,0,0,0,0,0
Alex-Image41.png,0,0,1,S,0,1,0,0,0,0,0,0,0,0,0
Alex-Image42.png,0,0,0,C,0,0,0,0,0,0,1,0,0,0,0
Alex-Image43.png,1,0,0,C,0,1,0,0,0,0,1,1,0,0,0
Alex-Image44.png,0,0,1,C,0,1,0,0,0,0,1,0,0,0,0
Alex-Image45.png,1,0,1,C,0,0,0,0,0,0,0,0,0,0,1
Alex-Image46.png,0,0,0,S,0,1,0,0,0,0,1,0,0,0,0
Alex-Image47.png,1,0,1,C,0,0,0,0,0,0,0,0,0,0,0
Alex-Image48.png,1,0,1,C,0,0,0,0,0,0,0,0,0,0,0
Alex-Image49.png,1,0,1,C,0,0,0,0,0,0,0,0,0,0,0
Alex-Image50.png,1,0,1,C,1,1,1,0,0,0,1,0,0,0,0
Alex-Image51.png,1,0,0,S,1,1,0,0,1,0,0,0,0,0,0
Alex-Image52.png,0,0,0,N,0,1,0,0,0,0,1,0,0,0,0
Alex-Image53.png,0,0,1,S,0,1,0,0,0,1,0,0,0,0,0
Alex-Image54.png,0,0,1,S,0,0,0,0,0,0,0,0,0,0,0
Alex-Image55.png,0,0,1,S,0,0,0,0,0,0,0,0,0,0,0
Alex-Image56.png,1,0,1,C,0,0,0,0,0,0,0,0,0,0,0
Alex-Image57.png,0,0,1,C,0,1,0,0,0,0,0,0,0,0,1
Alex-Image58.png,1,0,1,S,1,1,0,0,0,0,0,0,0,0,0
Alex-Image59.png,0,0,0,N,0,1,0,0,0,0,0,0,0,0,0
Alex-Image60.png,0,0,0,N,0,1,0,0,0,0,0,0,0,0,0
Alex-Image61.png,0,0,1,S,0,1,0,0,0,1,0,0,0,0,0
Alex-Image62.png,0,0,1,S,0,1,0,0,0,1,0,0,0,0,0
Alex-Image63.png,0,0,1,S,0,1,0,0,0,1,0,0,0,0,0
Alex-Image64.png,0,0,1,S,0,1,0,0,0,1,0,0,0,0,0
Alex-Image65.png,1,0,1,C,1,0,0,0,0,0,0,0,0,0,0
Alex-Image66.png,0,1,0,N,0,1,0,0,0,0,1,0,0,0,0
Alex-Image67.png,1,0,0,N,0,1,0,0,0,1,1,0,0,0,0
Alex-Image68.png,1,0,1,C,0,0,0,0,0,0,0,0,0,0,0
Alex-Image69.png,1,0,1,C,0,0,0,0,0,0,0,0,0,0,0
Alex-Image70.png,1,0,1,C,0,0,0,0,0,0,0,0,0,0,0
Alex-Image71.png,0,0,0,N,0,0,0,0,0,1,0,0,0,0,0
Alex-Image72.png,0,0,0,S,0,0,0,0,0,0,0,0,0,0,0
Alex-Image73.png,0,0,0,S,0,1,0,0,0,0,1,0,0,0,0
Alex-Image74.png,0,0,0,N,0,1,0,0,0,0,0,0,0,0,0
Alex-Image75.png,0,0,0,N,0,1,0,0,0,0,0,0,0,0,0
Alex-Image76.png,1,0,1,S,0,0,1,0,0,0,0,0,0,0,0
Alex-Image77.png,0,0,0,N,0,1,0,0,0,0,0,0,0,0,0
Alex-Image78.png,1,0,1,S,0,0,1,0,0,0,0,0,0,0,0
Alex-Image79.png,1,0,1,S,0,0,1,0,0,0,0,0,0,0,0
Alex-Image80.png,0,0,0,N,0,1,0,0,0,0,0,0,0,0,0
Alex-Image81.png,0,0,0,N,0,1,0,0,0,0,0,0,0,0,0
Alex-Image82.png,0,0,0,N,0,1,0,0,0,0,0,0,0,0,0
Alex-Image83.png,0,0,0,N,0,1,0,0,0,0,0,0,0,0,0
Alex-Image84.png,0,0,0,N,0,1,0,0,0,0,0,0,0,0,0
Alex-Image85.png,0,0,0,N,0,1,0,0,0,0,0,0,0,0,0
Alex-Image86.png,0,0,0,N,0,1,0,0,0,0,0,0,0,0,0
Alex-Image87.png,0,0,0,N,0,1,0,0,0,0,0,0,0,0,0
Alex-Image88.png,0,0,0,N,0,1,0,0,0,0,0,0,0,0,0
Alex-Image89.png,0,0,0,N,0,1,0,0,0,0,0,0,0,0,0
Alex-Image90.png,0,0,0,N,0,1,0,0,0,0,1,0,0,0,0
Alex-Image91.png,0,0,0,N,0,1,0,0,0,0,0,0,0,0,0
Alex-Image92.png,0,0,0,S,0,1,0,0,0,0,0,0,0,0,0
Alex-Image93.png,0,0,0,C,0,1,0,0,0,0,1,0,0,0,0
Alex-Image94.png,1,0,0,S,1,1,1,0,0,0,0,0,0,0,0
Alex-Image95.png,1,0,1,S,1,1,0,0,0,0,0,0,0,0,0
Alex-Image96.png,0,1,0,N,0,1,0,0,0,0,1,0,0,0,0
Alex-Image97.png,0,0,0,N,0,1,0,0,0,0,0,0,0,0,0
Alex-Image98.png,0,0,0,C,0,1,0,0,0,0,1,0,0,0,0
Alex-Image99.png,1,0,0,C,1,1,0,0,0,1,1,0,0,0,0
Alex-Image100.png,0,0,0,C,0,1,0,0,0,0,1,0,0,0,0
Alex-Image101.png,0,0,0,C,0,1,0,0,0,0,1,0,0,0,0
Alex-Image102.png,0,1,0,C,0,1,0,0,0,0,1,0,0,0,0
Alex-Image103.png,0,0,0,S,0,1,0,0,0,0,1,0,0,0,0
Alex-Image104.png,0,1,0,N,0,1,0,0,0,0,1,0,0,0,0
Alex-Image105.png,0,0,0,N,0,1,0,0,0,0,0,0,0,0,0
Alex-Image106.png,0,1,0,C,0,1,0,0,0,0,1,0,0,0,0
Alex-Image107.png,0,0,0,N,0,1,0,0,0,0,0,0,0,0,0
Alex-Image108.png,0,1,0,N,0,1,0,0,0,0,1,0,0,0,0
Alex-Image109.png,0,1,0,N,0,1,0,0,0,0,1,0,0,0,0
Alex-Image110.png,0,0,0,N,0,1,0,0,0,0,1,0,0,0,0
Alex-Image111.png,,,,,,,,,,,,,,,
Alex-Image112.png,,,,,,,,,,,,,,,
Alex-Image113.png,,,,,,,,,,,,,,,
Alex-Image114.png,,,,,,,,,,,,,,,
Alex-Image115.png,,,,,,,,,,,,,,,
Alex-Image116.png,,,,,,,,,,,,,,,
Alex-Image117.png,,,,,,,,,,,,,,,
Alex-Image118.png,,,,,,,,,,,,,,,
Alex-Image119.png,,,,,,,,,,,,,,,
Alex-Image120.png,,,,,,,,,,,,,,,
Alex-Image121.png,,,,,,,,,,,,,,,
Alex-Image122.png,,,,,,,,,,,,,,,
Alex-Image123.png,,,,,,,,,,,,,,,
Alex-Image124.png,,,,,,,,,,,,,,,
Alex-Image125.png,,,,,,,,,,,,,,,
Alex-Image126.png,,,,,,,,,,,,,,,
Alex-Image127.png,,,,,,,,,,,,,,,
Alex-Image128.png,,,,,,,,,,,,,,,
Alex-Image129.png,,,,,,,,,,,,,,,
Alex-Image130.png,,,,,,,,,,,,,,,
Alex-Image131.png,,,,,,,,,,,,,,,
Alex-Image132.png,,,,,,,,,,,,,,,
Alex-Image133.png,,,,,,,,,,,,,,,
Alex-Image134.png,,,,,,,,,,,,,,,
Alex-Image135.png,,,,,,,,,,,,,,,
Alex-Image136.png,,,,,,,,,,,,,,,
Alex-Image137.png,,,,,,,,,,,,,,,
Alex-Image138.png,,,,,,,,,,,,,,,
Alex-Image139.png,,,,,,,,,,,,,,,
Alex-Image140.png,,,,,,,,,,,,,,,
Alex-Image141.png,,,,,,,,,,,,,,,
Alex-Image142.png,,,,,,,,,,,,,,,
Alex-Image143.png,,,,,,,,,,,,,,,
Alex-Image144.png,,,,,,,,,,,,,,,
Alex-Image145.png,,,,,,,,,,,,,,,
Alex-Image146.png,,,,,,,,,,,,,,,
Alex-Image147.png,,,,,,,,,,,,,,,
Alex-Image148.png,,,,,,,,,,,,,,,
Alex-Image149.png,,,,,,,,,,,,,,,
Alex-Image150.png,,,,,,,,,,,,,,,
Alex-Image151.png,,,,,,,,,,,,,,,
Alex-Image152.png,,,,,,,,,,,,,,,
Alex-Image153.png,,,,,,,,,,,,,,,
Alex-Image154.png,,,,,,,,,,,,,,,
Alex-Image155.png,,,,,,,,,,,,,,,
Alex-Image156.png,,,,,,,,,,,,,,,
Alex-Image157.png,,,,,,,,,,,,,,,
Alex-Image158.png,,,,,,,,,,,,,,,
Alex-Image159.png,,,,,,,,,,,,,,,
Alex-Image160.png,,,,,,,,,,,,,,,
Alex-Image161.png,,,,,,,,,,,,,,,
Alex-Image162.png,,,,,,,,,,,,,,,
Alex-Image163.png,,,,,,,,,,,,,,,
Alex-Image164.png,,,,,,,,,,,,,,,
Alex-Image165.png,,,,,,,,,,,,,,,
Alex-Image166.png,,,,,,,,,,,,,,,
Alex-Image167.png,,,,,,,,,,,,,,,
Alex-Image168.png,,,,,,,,,,,,,,,
Alex-Image169.png,,,,,,,,,,,,,,,
Alex-Image170.png,,,,,,,,,,,,,,,
Alex-Image171.png,,,,,,,,,,,,,,,
Alex-Image172.png,,,,,,,,,,,,,,,
Alex-Image173.png,,,,,,,,,,,,,,,
Alex-Image174.png,,,,,,,,,,,,,,,
Alex-Image175.png,,,,,,,,,,,,,,,
Alex-Image176.png,,,,,,,,,,,,,,,
Alex-Image177.png,,,,,,,,,,,,,,,
Alex-Image178.png,,,,,,,,,,,,,,,
Alex-Image179.png,,,,,,,,,,,,,,,
Alex-Image180.png,,,,,,,,,,,,,,,
Alex-Image181.png,,,,,,,,,,,,,,,
Alex-Image182.png,,,,,,,,,,,,,,,
Alex-Image183.png,,,,,,,,,,,,,,,
Alex-Image184.png,,,,,,,,,,,,,,,
Alex-Image185.png,,,,,,,,,,,,,,,
Alex-Image186.png,,,,,,,,,,,,,,,
Alex-Image187.png,,,,,,,,,,,,,,,
Alex-Image188.png,,,,,,,,,,,,,,,
Alex-Image189.png,,,,,,,,,,,,,,,
Alex-Image190.png,,,,,,,,,,,,,,,
Alex-Image191.png,,,,,,,,,,,,,,,
Alex-Image192.png,,,,,,,,,,,,,,,
Alex-Image193.png,,,,,,,,,,,,,,,
Alex-Image194.png,,,,,,,,,,,,,,,
Alex-Image195.png,,,,,,,,,,,,,,,
Alex-Image196.png,,,,,,,,,,,,,,,
Alex-Image197.png,,,,,,,,,,,,,,,
Alex-Image198.png,,,,,,,,,,,,,,,
Alex-Image199.png,,,,,,,,,,,,,,,
Alex-Image200.png,,,,,,,,,,,,,,,
Alex-Image201.png,,,,,,,,,,,,,,,
Alex-Image202.png,,,,,,,,,,,,,,,
Alex-Image203.png,,,,,,,,,,,,,,,
Alex-Image204.png,,,,,,,,,,,,,,,
Alex-Image205.png,,,,,,,,,,,,,,,
Alex-Image206.png,,,,,,,,,,,,,,,
Alex-Image207.png,,,,,,,,,,,,,,,
Alex-Image208.png,,,,,,,,,,,,,,,
Alex-Image209.png,,,,,,,,,,,,,,,
Alex-Image210.png,,,,,,,,,,,,,,,
Alex-Image211.png,,,,,,,,,,,,,,,
Alex-Image212.png,,,,,,,,,,,,,,,
Alex-Image213.png,,,,,,,,,,,,,,,
Alex-Image214.png,,,,,,,,,,,,,,,
Alex-Image215.png,,,,,,,,,,,,,,,
Alex-Image216.png,,,,,,,,,,,,,,,
Alex-Image217.png,,,,,,,,,,,,,,,
Alex-Image218.png,,,,,,,,,,,,,,,
Alex-Image219.png,,,,,,,,,,,,,,,
Alex-Image220.png,,,,,,,,,,,,,,,
Alex-Image221.png,,,,,,,,,,,,,,,
Alex-Image222.png,,,,,,,,,,,,,,,
Alex-Image223.png,,,,,,,,,,,,,,,
Alex-Image224.png,,,,,,,,,,,,,,,
Alex-Image225.png,,,,,,,,,,,,,,,
Alex-Image226.png,,,,,,,,,,,,,,,
Alex-Image227.png,,,,,,,,,,,,,,,
Alex-Image228.png,,,,,,,,,,,,,,,
Alex-Image229.png,,,,,,,,,,,,,,,
Alex-Image230.png,,,,,,,,,,,,,,,
Alex-Image231.png,,,,,,,,,,,,,,,
Alex-Image232.png,,,,,,,,,,,,,,,
Alex-Image233.png,,,,,,,,,,,,,,,
Alex-Image234.png,,,,,,,,,,,,,,,
Alex-Image235.png,,,,,,,,,,,,,,,
Alex-Image236.png,,,,,,,,,,,,,,,
Alex-Image237.png,,,,,,,,,,,,,,,
Alex-Image238.png,,,,,,,,,,,,,,,
Alex-Image239.png,,,,,,,,,,,,,,,
Alex-Image240.png,,,,,,,,,,,,,,,
Alex-Image241.png,,,,,,,,,,,,,,,
Alex-Image242.png,,,,,,,,,,,,,,,
Alex-Image243.png,,,,,,,,,,,,,,,
Alex-Image244.png,,,,,,,,,,,,,,,
Alex-Image245.png,,,,,,,,,,,,,,,
Alex-Image246.png,,,,,,,,,,,,,,,
Alex-Image247.png,,,,,,,,,,,,,,,
Alex-Image248.png,,,,,,,,,,,,,,,
Alex-Image249.png,,,,,,,,,,,,,,,
Alex-Image250.png,,,,,,,,,,,,,,,
Alex-Image251.png,,,,,,,,,,,,,,,
Alex-Image252.png,,,,,,,,,,,,,,,
Alex-Image253.png,,,,,,,,,,,,,,,
Alex-Image254.png,,,,,,,,,,,,,,,
Alex-Image255.png,,,,,,,,,,,,,,,
Alex-Image256.png,,,,,,,,,,,,,,,
Kelly-Image01.png,0,0,1,S,0,1,0,0,0,0,0,0,0,0,1
Kelly-Image02.png,0,0,0,N,0,1,0,0,1,1,0,0,0,0,0
Kelly-Image03.png,1,0,0,S,1,1,1,0,0,0,0,0,0,0,0
Kelly-Image04.png,0,0,0,N,0,1,0,0,0,0,0,0,0,0,0
Kelly-Image05.png,0,0,0,N,0,1,0,0,0,0,0,0,0,0,0
Kelly-Image06.png,0,0,0,N,0,0,0,1,0,0,0,0,0,0,0
Kelly-Image07.png,1,0,0,N,1,1,0,0,0,0,0,0,0,0,0
Kelly-Image08.png,1,0,0,N,1,1,0,0,0,0,0,0,0,0,0
Kelly-Image09.png,1,0,0,N,0,1,0,0,0,0,0,0,0,0,0
Kelly-Image10.png,0,0,0,N,0,1,0,0,0,0,0,0,0,0,0
Kelly-Image11.png,0,0,0,N,0,1,0,0,0,0,0,0,0,0,0
Kelly-Image12.png,1,0,0,N,1,1,0,1,0,0,0,0,0,0,0
Kelly-Image13.png,1,0,0,N,1,1,0,0,0,0,0,0,0,0,0
Kelly-Image14.png,0,0,0,N,0,0,0,1,0,0,0,0,0,0,0
Kelly-Image15.png,1,0,1,S,1,1,1,0,0,0,0,0,0,0,1
Kelly-Image16.png,1,0,0,N,1,1,1,0,0,0,0,0,0,0,0
Kelly-Image17.png,1,0,1,C,0,0,0,0,0,0,1,0,0,0,0
Kelly-Image18.png,1,0,1,None,1,0,0,0,0,0,0,1,0,0,0
Kelly-Image19.png,0,1,1,C,0,0,0,0,0,0,1,0,0,0,0
Kelly-Image20.png,1,0,0,N,0,0,1,1,0,0,0,0,0,0,0
Kelly-Image21.png,0,0,0,N,0,1,0,1,0,0,0,0,0,0,0
Kelly-Image22.png,0,0,0,C,0,0,0,0,0,0,1,0,0,0,0
Kelly-Image23.png,0,0,0,N,0,0,0,1,0,0,0,0,0,0,0
Kelly-Image24.png,0,1,0,S,0,1,0,0,0,1,0,0,0,0,0
Kelly-Image25.png,0,0,0,N,0,1,0,0,0,0,0,0,0,0,0
Kelly-Image26.png,0,0,1,None,0,0,0,0,0,0,1,0,0,0,0
Kelly-Image27.png,0,0,0,N,0,1,0,0,0,1,1,0,0,0,0
Kelly-Image28.png,1,0,1,S,1,0,0,0,0,0,1,0,1,0,1
Kelly-Image29.png,0,0,0,S,0,1,0,0,0,0,0,0,0,0,1
Kelly-Image30.png,0,0,0,C,0,1,0,0,0,0,1,0,0,0,0
Kelly-Image31.png,1,0,0,S,0,1,0,0,0,0,1,0,1,0,0
Kelly-Image32.png,1,0,0,N,0,1,0,0,0,0,1,1,1,0,0
Kelly-Image33.png,1,0,1,S,1,1,1,0,0,0,1,0,0,0,0
Kelly-Image34.png,0,0,0,N,0,0,0,0,0,0,0,0,0,0,0
Kelly-Image35.png,0,0,0,S,0,1,0,0,0,0,0,0,0,0,1
Kelly-Image36.png,0,0,0,N,0,1,0,0,0,0,0,0,0,0,0
Kelly-Image37.png,0,0,0,N,0,1,0,0,0,0,0,0,0,0,0
Kelly-Image38.png,0,0,0,S,0,1,0,0,0,0,0,0,0,0,1
Kelly-Image39.png,0,0,1,S,0,0,0,0,0,0,1,0,0,1,1
Kelly-Image40.png,1,0,1,S,1,1,1,0,0,0,1,0,0,0,0
Kelly-Image41.png,1,0,0,N,1,1,1,0,0,0,0,0,0,0,0
Kelly-Image42.png,0,0,0,N,0,1,0,0,0,0,0,0,0,0,0
Kelly-Image43.png,1,0,0,S,1,1,1,0,0,0,1,0,0,0,0
Kelly-Image44.png,0,0,0,N,0,1,0,0,0,0,0,0,0,0,0
Kelly-Image45.png,0,0,0,N,0,1,0,0,0,0,0,0,0,1,1
Kelly-Image46.png,0,0,0,N,0,1,0,1,0,0,0,0,0,0,0
Kelly-Image47.png,1,0,0,N,0,1,0,0,0,1,1,0,1,0,0
Kelly-Image48.png,0,0,0,N,0,1,0,0,0,1,0,0,0,0,0
Kelly-Image49.png,0,0,0,N,0,1,0,0,0,0,0,0,0,0,0
Kelly-Image50.png,0,0,1,S,0,0,0,0,0,0,0,0,0,0,0
Kelly-Image51.png,0,0,0,N,0,0,0,1,0,0,0,0,0,0,0
Kelly-Image52.png,1,0,1,S,0,1,0,0,0,0,1,0,0,0,0
Kelly-Image53.png,1,0,1,C,1,0,0,0,0,0,1,0,0,0,0
Kelly-Image54.png,1,0,1,S,1,1,0,0,0,0,1,0,0,0,0
Kelly-Image55.png,0,0,0,N,0,1,0,0,1,0,0,0,0,0,0
Kelly-Image56.png,1,0,0,N,1,1,1,0,0,0,1,0,0,0,0
Kelly-Image57.png,0,0,1,S,0,1,0,0,0,0,1,0,0,0,1
Kelly-Image58.png,1,0,0,N,1,1,0,0,0,0,0,0,1,0,0
Kelly-Image59.png,0,0,0,N,0,1,0,0,0,0,0,0,0,0,0
Kelly-Image60.png,0,0,0,C,0,1,0,0,0,0,1,0,0,0,0
Kelly-Image61.png,0,0,0,N,0,1,0,0,0,0,0,0,0,0,0
Kelly-Image62.png,0,0,1,S,0,0,0,0,0,0,0,0,0,0,0
Kelly-Image63.png,0,0,0,S,0,0,0,1,0,0,1,0,0,0,0
Kelly-Image64.png,0,0,1,S,0,0,0,0,0,0,0,0,0,0,0
Kelly-Image65.png,1,0,0,N,0,1,0,0,0,0,0,0,1,0,0
Kelly-Image66.png,1,0,1,S,1,0,0,0,0,0,1,0,1,0,0
Kelly-Image67.png,0,0,1,S,0,1,0,0,0,0,0,0,0,0,0
Kelly-Image68.png,0,0,1,C,0,0,0,0,0,0,1,0,0,0,0
Kelly-Image69.png,0,0,0,S,0,0,0,1,0,0,1,0,0,0,0
Kelly-Image70.png,0,0,0,N,0,1,0,0,0,0,0,0,0,0,0
Kelly-Image71.png,0,0,1,S,0,0,0,0,0,0,0,0,0,0,0
Kelly-Image72.png,1,0,0,N,0,1,0,0,0,0,0,0,0,0,0
Kelly-Image73.png,1,0,1,S,0,0,0,0,0,0,1,0,1,0,0
Kelly-Image74.png,0,0,0,N,0,0,0,1,0,0,0,0,0,0,0
Kelly-Image75.png,0,0,0,N,0,1,0,1,0,0,0,0,0,0,0
Kelly-Image76.png,0,0,0,N,0,1,0,0,0,0,0,0,0,0,1
Kelly-Image77.png,0,0,0,N,0,1,0,0,0,0,0,0,0,0,0
Kelly-Image78.png,1,0,0,N,0,1,0,0,0,0,0,0,0,0,0
Kelly-Image79.png,0,0,1,S,0,0,0,0,0,0,1,0,0,0,1
Kelly-Image80.png,1,0,0,N,0,1,0,0,0,0,0,0,0,0,0
Kelly-Image81.png,1,0,1,S,1,0,1,0,0,0,1,0,0,0,1
Kelly-Image82.png,1,0,1,S,1,0,1,0,0,0,1,0,0,0,1
Kelly-Image83.png,0,0,1,S,0,0,0,0,0,1,0,0,1,0,0
Kelly-Image84.png,0,0,1,S,0,0,0,0,0,0,1,0,0,0,0
Kelly-Image85.png,1,0,0,S,0,1,0,0,0,0,0,0,1,0,1
Kelly-Image86.png,1,0,1,S,0,0,0,0,0,0,1,0,1,0,0
Kelly-Image87.png,1,0,0,C,0,0,0,0,0,0,1,0,0,0,0
Kelly-Image88.png,1,0,0,C,0,0,0,0,0,0,1,0,0,0,0
Kelly-Image89.png,0,0,0,N,0,1,0,0,1,0,0,0,0,0,0
Kelly-Image90.png,0,0,1,C,0,0,0,0,0,1,1,0,0,0,0
Kelly-Image91.png,1,0,0,N,0,1,0,0,1,0,0,0,1,0,0
Kelly-Image92.png,1,0,0,N,1,1,0,0,1,0,0,0,0,0,0
Kelly-Image93.png,0,0,0,N,0,1,0,0,1,0,0,0,0,0,0
Kelly-Image94.png,0,0,1,S,0,0,0,0,0,1,0,0,1,0,0
Kelly-Image95.png,1,0,1,S,1,1,1,0,0,0,1,0,0,0,1
Kelly-Image96.png,0,0,1,S,0,1,0,0,0,1,1,0,1,0,0
Kelly-Image97.png,1,0,0,N,1,1,1,0,0,0,1,0,0,0,0
Kelly-Image98.png,0,0,0,N,0,0,0,1,0,0,0,0,0,0,0
Kelly-Image99.png,1,0,0,N,1,1,0,0,0,0,0,0,0,0,0
Kelly-Image100.png,1,0,1,C,0,0,0,0,0,0,1,0,0,0,0
Kelly-Image101.png,0,0,0,N,0,1,0,0,0,0,0,0,0,0,0
Kelly-Image102.png,0,0,0,N,0,1,0,0,0,0,0,0,0,0,0
Kelly-Image103.png,1,0,0,N,1,0,0,1,0,0,0,0,0,0,0
Kelly-Image104.png,1,0,0,N,0,0,0,1,0,0,0,0,0,0,0
Kelly-Image105.png,0,0,0,N,0,0,0,1,0,0,0,0,0,0,0
Kelly-Image106.png,0,0,0,N,0,1,0,0,0,0,0,0,0,0,0
Kelly-Image107.png,1,0,0,N,0,1,1,0,0,0,0,0,0,0,0
Kelly-Image108.png,1,0,0,N,0,0,0,1,0,0,0,0,0,0,0
Kelly-Image109.png,0,0,0,N,0,0,0,1,0,0,0,0,0,0,0
Kelly-Image110.png,1,0,0,N,0,1,0,0,0,0,0,0,1,0,0
Kelly-Image111.png,1,0,0,N,0,0,0,1,0,0,0,0,0,0,1
Kelly-Image112.png,1,0,1,C,0,0,0,0,0,1,1,1,1,0,0
Kelly-Image113.png,0,0,0,N,0,1,0,0,0,0,0,0,0,0,0
Kelly-Image114.png,1,0,1,C,1,1,0,0,0,0,1,0,0,0,0
Kelly-Image115.png,1,0,0,N,1,0,0,1,0,0,1,1,1,0,0
Kelly-Image116.png,0,0,0,N,0,1,0,0,0,0,1,0,0,0,0
Kelly-Image117.png,0,0,0,N,0,1,0,0,1,0,0,0,0,0,0
Kelly-Image118.png,0,0,0,N,0,0,0,1,0,0,0,0,0,0,0
Kelly-Image119.png,0,0,0,N,0,0,0,0,1,0,0,0,0,0,0
Kelly-Image120.png,1,0,0,N,0,0,0,1,1,0,0,0,0,0,0
Kelly-Image121.png,1,0,0,N,1,1,0,0,0,0,1,0,0,0,0
Kelly-Image122.png,0,0,0,N,0,0,0,1,0,0,0,0,0,0,0
Kelly-Image123.png,1,0,0,N,1,1,0,0,0,0,0,0,1,0,0
Kelly-Image124.png,1,0,0,N,1,1,0,0,0,0,0,0,0,0,0
Kelly-Image125.png,0,0,1,S,0,1,0,0,0,1,1,0,1,0,0
Kelly-Image126.png,1,0,1,S,0,0,0,0,0,0,1,0,0,0,0
Kelly-Image127.png,0,0,0,N,0,0,0,0,0,0,0,0,0,1,0
Kelly-Image128.png,0,0,0,C,0,1,0,0,0,0,1,0,0,0,1
Kelly-Image129.png,1,0,0,N,1,1,0,0,0,0,0,1,0,0,0
Kelly-Image130.png,1,0,1,C,0,0,0,0,0,0,0,1,0,0,0
Kelly-Image131.png,0,0,0,N,0,1,0,0,0,0,0,0,0,0,0
Kelly-Image132.png,0,0,0,N,0,1,0,1,0,0,0,0,0,0,0
Kelly-Image133.png,1,0,1,C,1,1,1,0,0,1,1,0,0,0,0
Kelly-Image134.png,0,0,0,N,0,0,0,1,0,0,1,0,0,0,0
Kelly-Image135.png,0,0,0,N,0,0,0,1,0,0,0,0,0,0,0
Kelly-Image136.png,0,0,0,N,0,1,0,0,0,0,0,0,0,0,0
Kelly-Image137.png,1,0,1,S,0,0,1,0,0,0,1,0,0,0,0
Kelly-Image138.png,1,0,1,C,0,1,1,0,0,0,1,0,0,0,1
Kelly-Image139.png,0,0,0,N,0,1,0,0,0,0,0,0,0,0,0
Kelly-Image140.png,1,0,0,N,0,1,0,0,0,0,0,0,0,0,0
Kelly-Image141.png,1,0,0,N,1,1,1,0,0,0,0,0,0,0,0
Kelly-Image142.png,0,0,0,N,0,0,0,1,0,0,0,0,0,0,0
Kelly-Image143.png,0,0,0,N,0,1,0,0,0,0,0,0,0,0,0
Kelly-Image144.png,0,0,0,N,0,1,0,0,0,0,0,0,0,0,0
Kelly-Image145.png,0,0,1,C,0,0,0,0,0,1,1,0,0,0,0
Kelly-Image146.png,1,0,0,N,0,1,1,0,0,0,0,0,0,0,0
Kelly-Image147.png,0,0,0,N,0,0,0,0,0,0,1,0,0,0,0
Kelly-Image148.png,1,0,0,N,0,1,1,0,0,0,0,0,0,0,0
Kelly-Image149.png,0,0,0,N,0,1,0,0,0,0,0,0,0,0,0
Kelly-Image150.png,0,0,0,N,0,0,0,1,0,0,0,0,0,1,0
Kelly-Image151.png,1,0,1,S,1,0,1,0,0,0,0,0,0,0,0
Kelly-Image152.png,1,0,0,N,0,1,0,0,0,0,0,1,0,0,0
Kelly-Image153.png,0,0,1,S,0,0,0,0,0,0,0,0,0,0,1
Kelly-Image154.png,1,0,1,S,1,0,1,0,0,0,0,0,0,0,1
Kelly-Image155.png,0,0,1,S,0,0,0,0,0,0,0,0,0,0,1
Kelly-Image156.png,0,0,0,N,0,0,0,1,0,0,0,0,0,0,0
Kelly-Image157.png,0,0,0,N,0,1,0,0,0,0,1,0,0,0,0
Kelly-Image158.png,1,0,1,C,0,0,0,0,1,0,1,0,0,0,0
Kelly-Image159.png,1,0,0,N,1,1,0,0,0,0,0,0,0,0,0
Kelly-Image160.png,0,0,0,S,0,1,0,0,0,0,1,0,0,0,0
Kelly-Image161.png,1,0,1,S,1,0,0,0,0,0,1,0,1,0,0
Kelly-Image162.png,0,0,0,N,0,0,0,1,0,0,1,0,0,0,0
Kelly-Image163.png,1,0,0,N,1,1,0,0,0,0,1,0,0,0,0
Kelly-Image164.png,1,0,1,S,1,1,1,0,0,0,1,0,0,0,1
Kelly-Image165.png,0,0,0,N,0,1,0,0,0,0,1,0,0,0,0
Kelly-Image166.png,1,0,0,C,0,1,0,0,0,0,1,0,0,0,0
Kelly-Image167.png,1,0,1,S,0,0,1,0,0,1,1,0,0,0,0
Kelly-Image168.png,1,0,0,N,1,1,0,0,0,0,0,0,0,0,0
Kelly-Image169.png,0,1,0,C,0,1,0,0,0,0,1,0,0,0,0
Kelly-Image170.png,0,0,1,C,0,1,0,0,0,0,1,0,0,0,0
Kelly-Image171.png,0,0,0,N,0,1,0,0,0,0,0,0,0,0,0
Kelly-Image172.png,0,0,0,N,0,1,0,0,1,0,1,0,0,0,0
Kelly-Image173.png,1,0,0,S,1,1,1,0,0,0,1,0,0,0,0
Kelly-Image174.png,1,0,1,S,1,1,0,0,0,0,1,0,0,0,0
Kelly-Image175.png,1,0,1,C,0,1,0,0,0,0,1,0,0,0,0
Kelly-Image176.png,0,0,0,S,0,1,0,0,0,0,1,0,0,0,0
Kelly-Image177.png,0,0,0,S,0,1,0,0,0,0,1,0,0,0,0
Kelly-Image178.png,0,0,0,N,0,0,0,1,0,0,0,0,0,0,0
Kelly-Image179.png,0,0,0,C,0,1,0,0,0,0,1,0,0,0,0
Kelly-Image180.png,0,0,0,N,0,1,0,0,0,0,0,0,0,0,0
Kelly-Image181.png,0,0,1,S,0,1,0,0,0,1,0,0,0,0,0
Kelly-Image182.png,0,0,0,N,0,0,0,1,0,0,0,0,0,0,0
Kelly-Image183.png,0,0,1,S,0,1,0,0,0,1,1,0,1,0,0
Kelly-Image184.png,0,0,0,N,0,1,0,0,0,0,0,0,0,0,0
Kelly-Image185.png,1,0,1,S,1,1,1,0,0,0,1,0,0,0,0
Kelly-Image186.png,1,0,0,S,1,1,0,0,0,0,1,0,0,0,0
Kelly-Image187.png,0,0,0,C,0,1,0,0,0,0,1,0,0,0,0
Kelly-Image188.png,0,0,0,C,0,1,0,0,0,0,1,0,0,0,0
Kelly-Image189.png,0,0,0,N,0,0,0,0,0,0,0,0,0,0,0
Kelly-Image190.png,0,0,0,N,0,1,0,0,0,0,1,0,0,0,0
Kelly-Image191.png,0,0,0,C,0,0,0,1,0,0,1,0,0,0,0
Kelly-Image192.png,0,0,0,N,0,1,0,0,1,0,0,0,0,0,0
Kelly-Image193.png,1,0,1,C,1,0,1,0,0,0,1,0,0,0,1
Kelly-Image194.png,0,0,1,S,0,0,0,0,0,0,1,0,0,0,0
Kelly-Image195.png,0,0,0,N,0,1,0,0,0,0,1,0,0,0,1
Kelly-Image196.png,0,0,0,N,0,1,0,0,0,0,0,0,0,0,0
Kelly-Image197.png,0,0,0,N,0,1,0,0,0,0,0,0,0,0,0
Kelly-Image198.png,0,0,0,N,0,1,0,0,0,0,1,0,0,0,0
Kelly-Image199.png,1,0,1,None,1,1,1,0,0,0,0,0,0,0,0
Kelly-Image200.png,0,0,0,N,0,1,0,0,0,0,0,0,0,0,0
Kelly-Image201.png,1,0,1,C,1,1,0,0,0,0,1,0,0,0,0
Kelly-Image202.png,0,0,0,N,0,1,0,0,1,0,0,0,0,0,0
Kelly-Image203.png,0,0,0,N,0,1,0,0,0,0,0,0,0,0,0
Kelly-Image204.png,0,0,0,S,0,1,0,0,1,0,1,0,0,0,0
Kelly-Image205.png,0,0,1,S,0,1,0,0,0,0,1,0,0,0,0
Kelly-Image206.png,1,0,0,C,1,1,0,0,0,0,1,0,1,0,0
Kelly-Image207.png,1,0,0,C,0,0,0,0,0,0,1,0,0,0,0
Kelly-Image208.png,1,0,0,N,1,1,0,0,0,0,0,0,0,0,0
Kelly-Image209.png,1,0,0,N,0,1,0,0,0,0,0,0,1,0,0
Kelly-Image210.png,1,0,0,N,1,1,0,0,0,0,0,0,0,0,0
Kelly-Image211.png,0,0,1,C,0,0,0,0,0,0,1,0,0,0,0
Kelly-Image212.png,0,0,0,N,0,1,0,0,0,0,0,0,0,0,0
Kelly-Image213.png,1,0,1,None,0,1,1,0,0,0,0,0,0,0,0
Kelly-Image214.png,0,0,1,S,0,1,0,0,0,1,1,0,0,0,1
Kelly-Image215.png,0,0,0,N,0,1,0,0,1,0,0,0,0,0,0
Kelly-Image216.png,0,0,0,N,0,1,0,0,1,0,0,0,0,0,0
Kelly-Image217.png,0,1,1,C,0,0,0,0,0,0,1,0,0,0,0
Kelly-Image218.png,1,0,1,S,0,0,1,0,0,0,0,0,0,0,0
Kelly-Image219.png,1,0,1,S,0,1,1,0,0,0,1,0,0,0,0
Kelly-Image220.png,1,0,0,N,0,1,0,0,0,1,0,0,1,0,0
Kelly-Image221.png,0,0,0,N,0,0,0,1,0,0,0,0,0,0,0
Kelly-Image222.png,0,0,0,N,0,1,0,0,0,0,0,0,0,0,0
Kelly-Image223.png,0,0,0,N,0,1,0,0,1,0,0,0,0,0,0
Kelly-Image224.png,0,0,0,N,0,0,0,1,0,0,1,0,0,1,1
Kelly-Image225.png,0,0,0,N,0,1,0,0,1,1,0,0,0,0,0
Kelly-Image226.png,0,0,0,N,0,0,0,1,1,0,0,0,0,0,0
Kelly-Image227.png,1,0,1,C,0,0,0,0,0,1,1,0,0,0,0
Kelly-Image228.png,1,0,0,C,0,1,0,0,0,0,1,0,0,0,0
Kelly-Image229.png,1,0,1,C,1,0,0,0,0,0,1,0,0,0,0